{
  "best_score_cv": 0.791383091755765,
  "best_params": {
    "C": 0.04426984952404209,
    "average": 50,
    "loss": "hinge",
    "tol": 2.8404161041035743e-05
  }
}